<?xml version="1.0" encoding="utf-8"?>
<root>
  <doclet-version-NOT-library-version>1.00</doclet-version-NOT-library-version>
  <dependsOn>jcore</dependsOn>
  <dependsOn>javaobject</dependsOn>
  <dependsOn>jpi4j</dependsOn>
  <dependsOn>pi4j-core</dependsOn>
  <dependsOn>pi4j-device</dependsOn>
  <dependsOn>pi4j-gpio-extension</dependsOn>
  <class b4a_type="StaticCode">
    <name>b4j.library.lcdi2c.i2c</name>
    <shortname>I2C</shortname>
    <comment>Class i2c providing i2c core functions as defined by the pi4j library
</comment>
    <objectwrapper>java.lang.Class</objectwrapper>
    <method>
      <name DesignerName="CloseBus">_closebus</name>
      <returntype>String</returntype>
      <parameter>
        <name>Bus</name>
        <type>anywheresoftware.b4j.object.JavaObject</type>
      </parameter>
    </method>
    <method>
      <name DesignerName="GetBus">_getbus</name>
      <returntype>anywheresoftware.b4j.object.JavaObject</returntype>
      <parameter>
        <name>BusNumber</name>
        <type>int</type>
      </parameter>
    </method>
    <method>
      <name DesignerName="GetDevice">_getdevice</name>
      <comment>Bus methods
</comment>
      <returntype>anywheresoftware.b4j.object.JavaObject</returntype>
      <parameter>
        <name>Bus</name>
        <type>anywheresoftware.b4j.object.JavaObject</type>
      </parameter>
      <parameter>
        <name>Address</name>
        <type>int</type>
      </parameter>
    </method>
    <method>
      <name DesignerName="Process_Globals">_process_globals</name>
      <returntype>String</returntype>
    </method>
    <method>
      <name DesignerName="Read">_read</name>
      <comment>Device methods
</comment>
      <returntype>int</returntype>
      <parameter>
        <name>Device</name>
        <type>anywheresoftware.b4j.object.JavaObject</type>
      </parameter>
    </method>
    <method>
      <name DesignerName="Read2">_read2</name>
      <returntype>int</returntype>
      <parameter>
        <name>Device</name>
        <type>anywheresoftware.b4j.object.JavaObject</type>
      </parameter>
      <parameter>
        <name>Buffer</name>
        <type>byte[]</type>
      </parameter>
      <parameter>
        <name>Offset</name>
        <type>int</type>
      </parameter>
      <parameter>
        <name>Size</name>
        <type>int</type>
      </parameter>
    </method>
    <method>
      <name DesignerName="Write">_write</name>
      <returntype>String</returntype>
      <parameter>
        <name>Device</name>
        <type>anywheresoftware.b4j.object.JavaObject</type>
      </parameter>
      <parameter>
        <name>b</name>
        <type>byte</type>
      </parameter>
    </method>
    <method>
      <name DesignerName="Write2">_write2</name>
      <returntype>String</returntype>
      <parameter>
        <name>Device</name>
        <type>anywheresoftware.b4j.object.JavaObject</type>
      </parameter>
      <parameter>
        <name>Buffer</name>
        <type>byte[]</type>
      </parameter>
      <parameter>
        <name>Offset</name>
        <type>int</type>
      </parameter>
      <parameter>
        <name>Size</name>
        <type>int</type>
      </parameter>
    </method>
  </class>
  <class>
    <name>b4j.library.lcdi2c.lcd_i2c</name>
    <shortname>LCD_I2C</shortname>
    <method>
      <name>IsInitialized</name>
      <comment>Tests whether the object has been initialized.</comment>
      <returntype>boolean</returntype>
    </method>
    <method>
      <name DesignerName="BacklightOff">_backlightoff</name>
      <returntype>String</returntype>
    </method>
    <method>
      <name DesignerName="BacklightOn">_backlighton</name>
      <returntype>String</returntype>
    </method>
    <method>
      <name DesignerName="BarGraph">_bargraph</name>
      <comment>Draw Progressbar
</comment>
      <returntype>String</returntype>
      <parameter>
        <name>len</name>
        <type>int</type>
      </parameter>
      <parameter>
        <name>maxlen</name>
        <type>int</type>
      </parameter>
    </method>
    <method>
      <name DesignerName="Char_Arrow_Down">_char_arrow_down</name>
      <comment>ascii= ascii-Code 0 to 7
</comment>
      <returntype>String</returntype>
      <parameter>
        <name>ascii</name>
        <type>int</type>
      </parameter>
    </method>
    <method>
      <name DesignerName="Char_Arrow_Up">_char_arrow_up</name>
      <comment>ascii= ascii-Code 0 to 7
</comment>
      <returntype>String</returntype>
      <parameter>
        <name>ascii</name>
        <type>int</type>
      </parameter>
    </method>
    <method>
      <name DesignerName="Char_Batterie">_char_batterie</name>
      <comment> some char examples:
ascii= ascii-Code 0 to 7
</comment>
      <returntype>String</returntype>
      <parameter>
        <name>ascii</name>
        <type>int</type>
      </parameter>
    </method>
    <method>
      <name DesignerName="Char_Hourglass">_char_hourglass</name>
      <comment>ascii= ascii-Code 0 to 7
</comment>
      <returntype>String</returntype>
      <parameter>
        <name>ascii</name>
        <type>int</type>
      </parameter>
    </method>
    <method>
      <name DesignerName="Class_Globals">_class_globals</name>
      <returntype>String</returntype>
    </method>
    <method>
      <name DesignerName="ClearDisplay">_cleardisplay</name>
      <comment>clear display
</comment>
      <returntype>String</returntype>
    </method>
    <method>
      <name DesignerName="ClearRow">_clearrow</name>
      <comment>Clear a row by filling each cell with empty character
</comment>
      <returntype>String</returntype>
      <parameter>
        <name>Row</name>
        <type>byte</type>
      </parameter>
    </method>
    <method>
      <name DesignerName="CursorLeft">_cursorleft</name>
      <comment>Move cursor left
</comment>
      <returntype>String</returntype>
    </method>
    <method>
      <name DesignerName="CursorRight">_cursorright</name>
      <comment>Move cursor right
</comment>
      <returntype>String</returntype>
    </method>
    <method>
      <name DesignerName="CursorStyle">_cursorstyle</name>
      <comment>0= Off, 2= Underline, 3= Block,Flashing
</comment>
      <returntype>String</returntype>
      <parameter>
        <name>cstyle</name>
        <type>int</type>
      </parameter>
    </method>
    <method>
      <name DesignerName="Define_BarGraph">_define_bargraph</name>
      <comment>Define Chars for Progressbar (0 to 3)
</comment>
      <returntype>String</returntype>
    </method>
    <method>
      <name DesignerName="Define_Big_Numbers">_define_big_numbers</name>
      <returntype>String</returntype>
    </method>
    <method>
      <name DesignerName="DefineChar">_definechar</name>
      <comment>Define Chars
Addr= 0 to 7 (ASCII 0-7)
Data size 8 Byte
Row Data= 5Bit (Bit4 to Bit0
Byte 0 to 7 = row 0 to 7
</comment>
      <returntype>String</returntype>
      <parameter>
        <name>myAddr</name>
        <type>int</type>
      </parameter>
      <parameter>
        <name>charr</name>
        <type>int[]</type>
      </parameter>
    </method>
    <method>
      <name DesignerName="DeleteRow">_deleterow</name>
      <comment>Delete a row 1 to 4 depending LCD1602 or LCD2004
</comment>
      <returntype>String</returntype>
      <parameter>
        <name>row</name>
        <type>int</type>
      </parameter>
    </method>
    <method>
      <name DesignerName="FillRow">_fillrow</name>
      <comment>Fills a row with a character.
Example to print on row 1 a line: FillRow(1, "-")
</comment>
      <returntype>String</returntype>
      <parameter>
        <name>Row</name>
        <type>byte</type>
      </parameter>
      <parameter>
        <name>c</name>
        <type>String</type>
      </parameter>
    </method>
    <method>
      <name DesignerName="Goto">_goto</name>
      <comment>Goto Row 1 to 4, Col 0 - 19 (15) depending LCD1602 or LCD2004
</comment>
      <returntype>String</returntype>
      <parameter>
        <name>Row</name>
        <type>int</type>
      </parameter>
      <parameter>
        <name>Col</name>
        <type>int</type>
      </parameter>
    </method>
    <method>
      <name DesignerName="Home">_home</name>
      <comment>Set cursor to Row 1, Col 0
</comment>
      <returntype>String</returntype>
    </method>
    <method>
      <name DesignerName="Initialize">_initialize</name>
      <comment>I2C bus, PCF I2C address,
Init the LCD with I2C Bus, I2C Address (default is 0x27) and max 20 columns
Example (Private lcd As LCDI2C):&lt;code&gt;
lcd.Initialize(1, 0x27, 20)
&lt;/code&gt;
</comment>
      <returntype>String</returntype>
      <parameter>
        <name>ba</name>
        <type>anywheresoftware.b4a.BA</type>
      </parameter>
      <parameter>
        <name>I2CBus</name>
        <type>byte</type>
      </parameter>
      <parameter>
        <name>LCD_I2C_Address</name>
        <type>byte</type>
      </parameter>
      <parameter>
        <name>Rows</name>
        <type>byte</type>
      </parameter>
      <parameter>
        <name>Cols</name>
        <type>byte</type>
      </parameter>
    </method>
    <method>
      <name DesignerName="Print">_print</name>
      <comment>Print text at the set position
</comment>
      <returntype>String</returntype>
      <parameter>
        <name>Text</name>
        <type>String</type>
      </parameter>
    </method>
    <method>
      <name DesignerName="PrintAt">_printat</name>
      <comment>Print text at position row (1 - 4) and col (1 - 20)
</comment>
      <returntype>String</returntype>
      <parameter>
        <name>Row</name>
        <type>int</type>
      </parameter>
      <parameter>
        <name>Col</name>
        <type>int</type>
      </parameter>
      <parameter>
        <name>Text</name>
        <type>String</type>
      </parameter>
    </method>
    <method>
      <name DesignerName="PrintNum">_printnum</name>
      <returntype>String</returntype>
      <parameter>
        <name>digit</name>
        <type>byte</type>
      </parameter>
      <parameter>
        <name>leftAdjust</name>
        <type>byte</type>
      </parameter>
    </method>
    <method>
      <name DesignerName="PrintRow">_printrow</name>
      <comment>Print a row 1 to 4 depending LCD1602 or LCD2004
</comment>
      <returntype>String</returntype>
      <parameter>
        <name>Row</name>
        <type>byte</type>
      </parameter>
      <parameter>
        <name>Text</name>
        <type>String</type>
      </parameter>
    </method>
    <method>
      <name DesignerName="Put">_put</name>
      <comment>Put a char at the set position
</comment>
      <returntype>String</returntype>
      <parameter>
        <name>inp</name>
        <type>int</type>
      </parameter>
    </method>
    <method>
      <name DesignerName="Reset">_reset</name>
      <returntype>String</returntype>
    </method>
    <method>
      <name DesignerName="SetRow">_setrow</name>
      <comment>Set Row 1 to 4 depending LCD1602 or LCD2004
</comment>
      <returntype>String</returntype>
      <parameter>
        <name>row</name>
        <type>int</type>
      </parameter>
    </method>
    <method>
      <name DesignerName="Wipe_LeftRight">_wipe_leftright</name>
      <comment>Wipe Display left to right
</comment>
      <returntype>String</returntype>
      <parameter>
        <name>fill</name>
        <type>boolean</type>
      </parameter>
    </method>
    <method>
      <name DesignerName="Wipe_RightLeft">_wipe_rightleft</name>
      <comment>Wipe Display right to left
</comment>
      <returntype>String</returntype>
      <parameter>
        <name>fill</name>
        <type>boolean</type>
      </parameter>
    </method>
    <field>
      <name DesignerName="CURSOR_OFF">_cursor_off</name>
      <returntype>byte</returntype>
    </field>
    <field>
      <name DesignerName="CURSOR_UNDERLINE">_cursor_underline</name>
      <returntype>byte</returntype>
    </field>
    <field>
      <name DesignerName="CURSOR_BLINKINGBLOCK">_cursor_blinkingblock</name>
      <returntype>byte</returntype>
    </field>
  </class>
  <version>1.03</version>
  <author>Robert W.B. Linn (based upon https://www.b4x.com/android/forum/threads/raspberry-b4j-i2c-hd44780-lcd-driver.61123/)</author>
</root>